id_producto;marca;precio;categoria
300030743;GLASS BALL 20 LIGHTS;10000;GOLD
300030744;PINK CHERRY LIGHTS;23000;GOLD
300030745;WHITE CHERRY LIGHTS;15000;GOLD
300030746;RECORD FRAME  ;33000;GOLD
300030747;STRAWBERRY CERAMIC ;18500;GOLD
300030748;PINK DOUGHNUT ;20000;BLACK
300030749;PLANET MUG;34000;BLACK
300030750;FANCY FONT HOME ;12000;BLACK
300030751;CAT BOWL ;24000;BLACK
300030752;DOG BOWL  ;21000;BLACK
300030753;SINGLE SIZE;22000;SILVER
300030754;TRINKET POT ;16000;SILVER
300030755;TRINKET BOX;14000;SILVER
300030756;CHASING BALL DESIGN;11000;SILVER
300030757;SWEET HOME DOORMAT;31000;SILVER
