id_entrega;id_pedido;id_factura;transportista;direccion;region;fecha
1224;10;100030414;Aubul Guzman Leonardo;Varrida 554;SUR;2024-09-05
1225;11;100030415;Fernandez Garrido Mario;General Paz 335;NORTE;2024-05-06
1226;12;100030416;Fernandez Garrido Mario;General Paz 335;NORTE;2024-05-07
1227;13;100030417;Fernandez Cristian Javier;Lisandro 223;SUR;2024-02-07
1228;14;100030418;Erdrich German Andres;Lisandro 223;SUR;2024-02-08
1229;15;100030419;Romano Jesus Alberto;Lisandro 223;SUR;2024-07-09
1230;16;100030420;Romano Jesus Alberto;Cabral 789;ESTE;2024-08-10
1231;17;100030421;Romano Jesus Alberto;Linch 926;OESTE;2024-08-11
1232;18;100030422;Aubul Guzman Leonardo;Don Orione 453;SUR;2024-02-12
1233;19;100030423;Fernandez Garrido, Mario;Vedia 677;NORTE;2024-03-13
1234;20;100030424;Aubul Guzman Leonardo;Monroe 234;SUR;2024-04-14
1235;21;100030425;Fernandez Garrido, Mario;Chile 2323;ESTE;2024-05-15
1236;22;100030426;Fernandez Cristian Javier;Pacheco 1267;OESTE;2024-07-16
1237;23;100030427;Fernandez Cristian Javier;Pacheco 1267;OESTE;2024-09-17
1238;24;100030428;Erdrich German Andres;Castelar 156;SUR;2024-08-18
1239;25;100030429;Romano Jesus Alberto;Benito 778;NORTE;2024-12-19
1240;26;100030430;Aubul Guzman Leonardo;Tigre 564;SUR;2024-11-21
1241;27;100030431;Aubul Guzman Leonardo;Jose Paz 498;ESTE;2024-11-22
1242;28;100030432;Fernandez Garrido, Mario;Solis 232;OESTE;2024-01-23
1243;29;100030433;Romano Jesus Alberto;Castelar 156;SUR;2024-01-24
