id_producto;marca;precio;categoria
300030743;15CM CHRISTMAS GLASS BALL 20 LIGHTS;10000;GOLD
300030832;PINK CHERRY LIGHTS;23000;GOLD
300030696;WHITE CHERRY LIGHTS;15000;GOLD
300030756;"RECORD FRAME 7"" SINGLE SIZE ";33000;BLACK
300030840;STRAWBERRY CERAMIC TRINKET BOX;18500;BLACK
300030841;PINK DOUGHNUT TRINKET POT ;20000;BLACK
300030698;SAVE THE PLANET MUG;34000;BLACK
300030673;FANCY FONT HOME SWEET HOME DOORMAT;12000;SILVER
300030674;CAT BOWL ;24000;SILVER
300030676;DOG BOWL , CHASING BALL DESIGN;21000;SILVER
