id_cliente;nombre ;mail;direccion;region 
1;DEFINO HORACIO;defino_h@hotmail.com;Varrida 554;SUR
2;VILLACORTA IGNACIO;villacorta_i@hotmail.com;General Paz 335;NORTE
3;GIBERAL SA;giberal@hotmail.com;Lisandro 223;SUR
4;NAJM KARAM LILIANA DEOLINDA;najm_k@hotmail.com;Cabral 789;ESTE
5;KLOBERTANS CLAUDIO ABEL;klobertans_c@hotmail.com;Linch 926;OESTE
6;LERVU SA;lervu@hotmail.com;Don Orione 453;SUR
7;NALA SA;nala@hotmail.com;Vedia 677;NORTE
8;ATUEL SA;atuel@hotmail.com;Monroe 234;SUR
9;CABRERA SRL;cabrera@hotmail.com;Chile 2323;ESTE
10;LIGRAM SA;ligram@hotmail.com;Pacheco 1267;OESTE
