id_entrega;id_pedido;id_factura;transportista;direccion;region;fecha
1224;10;100030414;Aubul Guzman Leonardo;Varrida 554;SUR;2024-09-05
1271;11;100030428;Fernandez Garrido, Mario;General Paz 335;NORTE;2024-05-06
1338;12;100030431;Nuñez Claudio Guille;General Paz 335;NORTE;2024-05-07
1642;13;100030433;Fernandez Cristian Javier;Lisandro 223;SUR;2024-02-07
1742;14;100030434;Erdrich German Andres;Lisandro 223;SUR;2024-02-08
1050;15;100030444;Romano Jesus Alberto;Lisandro 223;SUR;2024-07-09
1375;16;100030446;Romano Jesus Alberto;Cabral 789;ESTE;2024-08-10
1377;17;100030448;Romano Jesus Alberto;Linch 926;OESTE;2024-08-11
1542;18;100030452;Aubul Guzman Leonardo;Don Orione 453;SUR;2024-02-12
3007;19;100030453;Fernandez Garrido, Mario;Vedia 677;NORTE;2024-03-13
3009;20;300006414;Aubul Guzman Leonardo;Monroe 234;SUR;2024-04-14
3010;21;300006416;Fernandez Garrido, Mario;Chile 2323;ESTE;2024-05-15
3034;22;300006417;Nuñez Claudio Guille;Pacheco 1267;OESTE;2024-07-16
1637;23;300006420;Fernandez Cristian Javier;Pacheco 1267;OESTE;2024-09-17
1278;24;100026693;Erdrich German Andres;Vedia 677;NORTE;2024-08-18
1081;25;100026698;Romano Jesus Alberto;Vedia 677;NORTE;2024-12-19
1085;26;100026704;Aubul Guzman Leonardo;Linch 926;OESTE;2024-11-21
1272;27;100026705;Aubul Guzman Leonardo;Cabral 789;ESTE;2024-11-22
3001;28;100026706;Fernandez Garrido, Mario;Don Orione 453;SUR;2024-01-23
3021;29;300005737;Nuñez Claudio Guille;General Paz 335;NORTE;2024-01-24
